{"properties":{"connectionReferences":{"shared_commondataserviceforapps":{"runtimeSource":"embedded","connection":{"connectionReferenceLogicalName":"pbo_sharedcommondataserviceforapps_39cc8"},"api":{"name":"shared_commondataserviceforapps"}}},"definition":{"$schema":"https://schema.management.azure.com/providers/Microsoft.Logic/schemas/2016-06-01/workflowdefinition.json#","contentVersion":"1.0.0.0","parameters":{"$connections":{"defaultValue":{},"type":"Object"},"$authentication":{"defaultValue":{},"type":"SecureObject"}},"triggers":{"manual":{"type":"Request","kind":"Button","inputs":{"schema":{"type":"object","properties":{"text":{"title":"filter","type":"string","x-ms-dynamically-added":true,"description":"ven","x-ms-content-hint":"TEXT"}},"required":["text"]}}}},"actions":{"List_records_with_FetchXML":{"runAfter":{"Init_txtOutPutVar":["Succeeded"]},"type":"OpenApiConnection","inputs":{"host":{"connectionName":"shared_commondataserviceforapps","operationId":"ListRecords","apiId":"/providers/Microsoft.PowerApps/apis/shared_commondataserviceforapps"},"parameters":{"entityName":"pbo_livres","fetchXml":"<fetch version=\"1.0\" output-format=\"xml-platform\" mapping=\"logical\" distinct=\"false\">\n  <entity name=\"pbo_livre\">\n    <attribute name=\"pbo_livreid\" />\n    <attribute name=\"pbo_titre\" />\n    <attribute name=\"pbo_prix\" />\n    <attribute name=\"transactioncurrencyid\" />\n    <attribute name=\"pbo_categorieid\" />\n    <order attribute=\"pbo_titre\" descending=\"false\" />\n    <filter type=\"and\">\n      <condition attribute=\"statecode\" operator=\"eq\" value=\"0\" />\n    </filter>\n    <link-entity name=\"pbo_categorie\" from=\"pbo_categorieid\" to=\"pbo_categorieid\" link-type=\"inner\" alias=\"ac\">\n      <filter type=\"and\">\n        <condition attribute=\"pbo_libelle\" operator=\"like\" value=\"%@{triggerBody()['text']}%\" />\n      </filter>\n    </link-entity>\n  </entity>\n</fetch>"},"authentication":{"type":"Raw","value":"@json(decodeBase64(triggerOutputs().headers['X-MS-APIM-Tokens']))['$ConnectionKey']"}}},"Concatenate_each":{"foreach":"@outputs('List_records_with_FetchXML')?['body/value']","actions":{"Append_Title":{"runAfter":{},"type":"AppendToStringVariable","inputs":{"name":"txtOutPutVar","value":"@{items('Concatenate_each')?['pbo_titre']}\n"}}},"runAfter":{"List_records_with_FetchXML":["Succeeded"]},"type":"Foreach"},"Init_txtOutPutVar":{"runAfter":{},"type":"InitializeVariable","inputs":{"variables":[{"name":"txtOutPutVar","type":"string"}]}},"End_Result":{"runAfter":{"Concatenate_each":["Succeeded"]},"type":"Compose","inputs":"@variables('txtOutPutVar')"}},"outputs":{}}},"schemaVersion":"1.0.0.0"}