<ImportExportXml version="9.2.21084.141" SolutionPackageVersion="9.2" languagecode="1036" generatedBy="CrmLive" xmlns:xsi="http://www.w3.org/2001/XMLSchema-instance">
  <SolutionManifest>
    <UniqueName>Bibliotheque</UniqueName>
    <LocalizedNames>
      <LocalizedName description="Bibliothèque" languagecode="1033" />
      <LocalizedName description="Bibliothèque" languagecode="1036" />
    </LocalizedNames>
    <Descriptions />
    <Version>1.0.0.5</Version>
    <Managed>0</Managed>
    <Publisher>
      <UniqueName>piebou</UniqueName>
      <LocalizedNames>
        <LocalizedName description="PieBou" languagecode="1033" />
        <LocalizedName description="PieBou" languagecode="1036" />
      </LocalizedNames>
      <Descriptions>
        <Description description="PieBou" languagecode="1033" />
        <Description description="PieBou" languagecode="1036" />
      </Descriptions>
      <EMailAddress xsi:nil="true"></EMailAddress>
      <SupportingWebsiteUrl xsi:nil="true"></SupportingWebsiteUrl>
      <CustomizationPrefix>pbo</CustomizationPrefix>
      <CustomizationOptionValuePrefix>64333</CustomizationOptionValuePrefix>
      <Addresses>
        <Address>
          <AddressNumber>1</AddressNumber>
          <AddressTypeCode>1</AddressTypeCode>
          <City xsi:nil="true"></City>
          <County xsi:nil="true"></County>
          <Country xsi:nil="true"></Country>
          <Fax xsi:nil="true"></Fax>
          <FreightTermsCode xsi:nil="true"></FreightTermsCode>
          <ImportSequenceNumber xsi:nil="true"></ImportSequenceNumber>
          <Latitude xsi:nil="true"></Latitude>
          <Line1 xsi:nil="true"></Line1>
          <Line2 xsi:nil="true"></Line2>
          <Line3 xsi:nil="true"></Line3>
          <Longitude xsi:nil="true"></Longitude>
          <Name xsi:nil="true"></Name>
          <PostalCode xsi:nil="true"></PostalCode>
          <PostOfficeBox xsi:nil="true"></PostOfficeBox>
          <PrimaryContactName xsi:nil="true"></PrimaryContactName>
          <ShippingMethodCode>1</ShippingMethodCode>
          <StateOrProvince xsi:nil="true"></StateOrProvince>
          <Telephone1 xsi:nil="true"></Telephone1>
          <Telephone2 xsi:nil="true"></Telephone2>
          <Telephone3 xsi:nil="true"></Telephone3>
          <TimeZoneRuleVersionNumber xsi:nil="true"></TimeZoneRuleVersionNumber>
          <UPSZone xsi:nil="true"></UPSZone>
          <UTCOffset xsi:nil="true"></UTCOffset>
          <UTCConversionTimeZoneCode xsi:nil="true"></UTCConversionTimeZoneCode>
        </Address>
        <Address>
          <AddressNumber>2</AddressNumber>
          <AddressTypeCode>1</AddressTypeCode>
          <City xsi:nil="true"></City>
          <County xsi:nil="true"></County>
          <Country xsi:nil="true"></Country>
          <Fax xsi:nil="true"></Fax>
          <FreightTermsCode xsi:nil="true"></FreightTermsCode>
          <ImportSequenceNumber xsi:nil="true"></ImportSequenceNumber>
          <Latitude xsi:nil="true"></Latitude>
          <Line1 xsi:nil="true"></Line1>
          <Line2 xsi:nil="true"></Line2>
          <Line3 xsi:nil="true"></Line3>
          <Longitude xsi:nil="true"></Longitude>
          <Name xsi:nil="true"></Name>
          <PostalCode xsi:nil="true"></PostalCode>
          <PostOfficeBox xsi:nil="true"></PostOfficeBox>
          <PrimaryContactName xsi:nil="true"></PrimaryContactName>
          <ShippingMethodCode>1</ShippingMethodCode>
          <StateOrProvince xsi:nil="true"></StateOrProvince>
          <Telephone1 xsi:nil="true"></Telephone1>
          <Telephone2 xsi:nil="true"></Telephone2>
          <Telephone3 xsi:nil="true"></Telephone3>
          <TimeZoneRuleVersionNumber xsi:nil="true"></TimeZoneRuleVersionNumber>
          <UPSZone xsi:nil="true"></UPSZone>
          <UTCOffset xsi:nil="true"></UTCOffset>
          <UTCConversionTimeZoneCode xsi:nil="true"></UTCConversionTimeZoneCode>
        </Address>
      </Addresses>
    </Publisher>
    <RootComponents>
      <RootComponent type="1" schemaName="pbo_categorie" behavior="0" />
      <RootComponent type="1" schemaName="pbo_livre" behavior="0" />
      <RootComponent type="1" schemaName="pbo_usage" behavior="0" />
      <RootComponent type="9" schemaName="pbo_civilite" behavior="0" />
      <RootComponent type="9" schemaName="pbo_color" behavior="0" />
      <RootComponent type="20" id="{ebafc19c-661a-ec11-b6e6-000d3adbeaec}" behavior="0" />
      <RootComponent type="29" id="{2e969a33-c956-eb11-a812-000d3aab4ca3}" behavior="0" />
      <RootComponent type="29" id="{31558aa4-cccd-4a5b-b1ec-2bf4fd1c38d8}" behavior="0" />
      <RootComponent type="29" id="{3e072439-b860-eb11-a812-0022487f85ac}" behavior="0" />
      <RootComponent type="29" id="{ef200d28-c0b7-43cf-8290-da443f68b6f6}" behavior="0" />
      <RootComponent type="62" schemaName="pbo_Bibliothque" behavior="0" />
      <RootComponent type="80" schemaName="pbo_Bibliothque" behavior="0" />
      <RootComponent type="300" schemaName="pbo_mobilebibliothque_59f3e" behavior="0" />
      <RootComponent type="431" schemaName="pbo_livre pbo_imagecouverture" behavior="0" />
      <RootComponent type="432" schemaName="pbo_livre" behavior="0" />
    </RootComponents>
    <MissingDependencies>
      <MissingDependency>
        <Required type="61" schemaName="msdyn_/Images/AppModule_Default_Icon.png" displayName="msdyn_/Images/AppModule_Default_Icon.png" solution="AppModuleWebResources (2.5)" />
        <Dependent type="80" schemaName="pbo_Bibliothque" displayName="Bibliothèque" />
      </MissingDependency>
    </MissingDependencies>
  </SolutionManifest>
</ImportExportXml>