{"properties":{"connectionReferences":{"shared_excelonlinebusiness":{"runtimeSource":"invoker","connection":{"connectionReferenceLogicalName":"pbo_sharedexcelonlinebusiness_64d00"},"api":{"name":"shared_excelonlinebusiness"}},"shared_commondataserviceforapps":{"runtimeSource":"embedded","connection":{"connectionReferenceLogicalName":"pbo_sharedcommondataserviceforapps_83431"},"api":{"name":"shared_commondataserviceforapps"}}},"definition":{"$schema":"https://schema.management.azure.com/providers/Microsoft.Logic/schemas/2016-06-01/workflowdefinition.json#","contentVersion":"1.0.0.0","parameters":{"$connections":{"defaultValue":{},"type":"Object"},"$authentication":{"defaultValue":{},"type":"SecureObject"}},"triggers":{"manual":{"type":"Request","kind":"Button","inputs":{"schema":{"type":"object","properties":{},"required":[]}}}},"actions":{"Get_Ticket_to_Import_":{"runAfter":{},"metadata":{"01DS725YCDOFQDHQR62JDJXT6EVWSBJ5IF":"/Datas/Import Customer Field.xlsx","tableId":"{2E6CB789-455E-484D-9642-343358CBF174}"},"type":"OpenApiConnection","inputs":{"host":{"connectionName":"shared_excelonlinebusiness","operationId":"GetItems","apiId":"/providers/Microsoft.PowerApps/apis/shared_excelonlinebusiness"},"parameters":{"source":"me","drive":"b!TOi5Z5A92keDBxgjdRVGZ7LI5cuYMJZGsTcLRC-mQrpjVNmunXlEQLOwVi9Sm5t7","file":"01DS725YCDOFQDHQR62JDJXT6EVWSBJ5IF","table":"{2E6CB789-455E-484D-9642-343358CBF174}"},"authentication":{"type":"Raw","value":"@json(decodeBase64(triggerOutputs().headers['X-MS-APIM-Tokens']))['$ConnectionKey']"}}},"Apply_to_each":{"foreach":"@outputs('Get_Ticket_to_Import_')?['body/value']","actions":{"Test_Ticket_Account_Import":{"actions":{"GEt_Account_ID":{"runAfter":{},"type":"OpenApiConnection","inputs":{"host":{"connectionName":"shared_commondataserviceforapps","operationId":"ListRecords","apiId":"/providers/Microsoft.PowerApps/apis/shared_commondataserviceforapps"},"parameters":{"entityName":"accounts","$select":"accountid","$filter":"accountnumber eq '@{items('Apply_to_each')?['Customer']}'"},"authentication":{"type":"Raw","value":"@json(decodeBase64(triggerOutputs().headers['X-MS-APIM-Tokens']))['$ConnectionKey']"}}},"Apply_to_each_2":{"foreach":"@outputs('GEt_Account_ID')?['body/value']","actions":{"Add_New_Ticket_linked_with_Account":{"runAfter":{},"type":"OpenApiConnection","inputs":{"host":{"connectionName":"shared_commondataserviceforapps","operationId":"CreateRecord","apiId":"/providers/Microsoft.PowerApps/apis/shared_commondataserviceforapps"},"parameters":{"entityName":"pbo_tickets","item/pbo_subject":"@items('Apply_to_each')?['Subject']","item/pbo_customer_account@odata.bind":"accounts(@{items('Apply_to_each_2')?['accountid']})","item/pbo_ticketnumber":"@items('Apply_to_each')?['Ticket number']"},"authentication":{"type":"Raw","value":"@json(decodeBase64(triggerOutputs().headers['X-MS-APIM-Tokens']))['$ConnectionKey']"}}}},"runAfter":{"GEt_Account_ID":["Succeeded"]},"type":"Foreach"}},"runAfter":{},"else":{"actions":{"Get_Contact_Id":{"runAfter":{},"type":"OpenApiConnection","inputs":{"host":{"connectionName":"shared_commondataserviceforapps","operationId":"ListRecords","apiId":"/providers/Microsoft.PowerApps/apis/shared_commondataserviceforapps"},"parameters":{"entityName":"contacts","$select":"contactid","$filter":"pbo_contactnumber eq '@{items('Apply_to_each')?['Customer']}'"},"authentication":{"type":"Raw","value":"@json(decodeBase64(triggerOutputs().headers['X-MS-APIM-Tokens']))['$ConnectionKey']"}}},"Apply_to_each_3":{"foreach":"@outputs('Get_Contact_Id')?['body/value']","actions":{"Add_New_Ticket_linked_with_Contact":{"runAfter":{},"type":"OpenApiConnection","inputs":{"host":{"connectionName":"shared_commondataserviceforapps","operationId":"CreateRecord","apiId":"/providers/Microsoft.PowerApps/apis/shared_commondataserviceforapps"},"parameters":{"entityName":"pbo_tickets","item/pbo_subject":"@items('Apply_to_each')?['Subject']","item/pbo_customer_contact@odata.bind":"contacts(@{items('Apply_to_each_3')?['contactid']})","item/pbo_ticketnumber":"@items('Apply_to_each')?['Ticket number']"},"authentication":{"type":"Raw","value":"@json(decodeBase64(triggerOutputs().headers['X-MS-APIM-Tokens']))['$ConnectionKey']"}}}},"runAfter":{"Get_Contact_Id":["Succeeded"]},"type":"Foreach"}}},"expression":{"equals":["@items('Apply_to_each')?['Customer Type']","Account"]},"type":"If"}},"runAfter":{"Get_Ticket_to_Import_":["Succeeded"]},"type":"Foreach"}}}},"schemaVersion":"1.0.0.0"}